Id; Source; Translation
0; ADSL; ADSL
1; AGP; AGP
2; AIDS; AIDS
3; ALU; ALU
4; ANSI; ANSI
5; APL; APL
6; APZS; flea allergy dermatitis
7; Akcja "Wisła"; Operation Vistula
8; Akropol; Acropolis
9; Akt Unii z 1707; Acts of Union in 1707
10; Akwitania; Aquitaine
11; Al; Al
12; Al-Ujun; El Aaiún
13; Alabama; Alabama
14; Alamanowie; Alemanni
15; Alanowie; Alani
16; Alawici; Alevites
17; Albanka; Albanian
18; Andrea; Andrea
19; ara błękitna; Indigo Macaw
20; ara żółtoskrzydła; macaw
21; architektura mikroprocesora; microprocessor architecture
22; architektura otwarta; open architecture
23; architektura sieci; network architecture
24; aresztować; arrest
25; argillit; argillite
26; Balijczyk; Balinese
27; Balrog; Balrog
28; Baltona; duty-free store at airport
29; Bambry; Poles of German origin who moved from the area of Bamberg to villages surrounding Poznań
30; Bandar Seri Begawan; Bandar Seri Begawan
31; Bangalur; Bangalore
32; Bangkok; Bangkok
33; Bank Światowy; World Bank
34; Bantu; Bantu
35; Baranek Boży; Lamb of God
36; Bardzo mi się tu podoba!; I like it here a lot
37; Barney; Barney
38; Biały Dom; White House
39; Bretania; Brittany
40; Bretończyk; Breton
41; Brian; Brian
42; Brighton; Brighton
43; Bristol; Bristol
44; Bruce; Bruce
45; Brunei; Brunei
46; Brygida; Bride
47; Brytyjczycy; the British
48; Brytyjka; Briton
49; Brytyjskie Wyspy Dziewicze; British Virgin Islands
50; Budapeszt; Budapest
51; Buenos Aires; Buenos Aires
52; bezspornie; indisputably
53; bezsprzecznie; unquestionably
54; bezstanowy; stateless
55; bezstronnie; without fear or favour
56; bezstronny; impartial
57; bezszelestnie; noiselessly
58; bezszeryfowy; sans serif
59; bezterminowo; for an indefinite period
60; beztlenowy; anaerobic
61; beztroski, niefrasobliwy; unconcerned
62; beztłuszczowa masa mięśniowa; lean muscle mass
63; bezustannie; ceaselessly
64; bezusterkowy; faultless
65; bezwartościowy; valueless
66; bezwarunkowo; implicitly
67; bezwarunkowy; unconditional
68; bezwględność; impartiality
69; bezwiedny; automatic
70; biała fasola; cannellini bean
71; biała księga; White Paper
72; białas; fair-haired person
73; białe; white
74; białe noce; white nights
75; bibliograficzny; bibliographical
76; bibliologia; bibliology
77; biblioteka; library
78; biblioteka wirtualna; Virtual Library
79; bibliotekarstwo; library science
80; bibliotekarz akademicki; academic librarian
81; bibliotekoznawstwo; library science
82; biblista; biblicist
83; bibosz; tippler
84; bibuła do sączenia; filter paper
85; biceps; biceps
86; bicepsy; guns
87; bicie czołem; prostration
88; brzezina; birchwood forest
89; brzmi dobrze; sounds good
90; brzmienie Motown; Motown sound
91; brzmieć prawdziwie; ring true
92; brzmieć znajomo; ring a bell
93; brzoskwinia; peach
94; brzoskwiniowy; peachy
95; brzoza; birch
96; brązowy karzeł; brown dwarf
97; brązowy ze smugami/cętkami innego koloru; brindle
98; buc; arrogant jerk
99; buch; burp!
100; buchać; flare
101; buchać płomieniem; blaze up
102; buciki; booties
103; buczek; howler
104; buczeć; bawl
105; buda; kennel
106; buddyzm zen; Zen Buddhism
107; budionowka; budenovka
108; budka; booth
109; budka startowa; starting house
110; CUP; Central Planning Office
111; CWE; EET
112; Caliban; Caliban
113; Callisto; Callisto
114; Cameroon; Cameroon
115; Centralny Urząd Planowania; Central Planning Office
116; Centrum Nauki Kopernik; Copernicus Science Centre
117; Ceres; Ceres
118; Ces; C flat
119; Cesarstwo rzymskie; Roman Empire
120; Ceses-dur; C double flat major
121; Chanuka; Chanukah
122; Charon; Charon
123; Chartum; Khartoum
124; Chelsea; Chelsea
125; Cheshire; Cheshire
126; Chile; Chile
127; Chiny; China
128; Chińska Republika Ludowa; China
129; Chopin; Chopin
130; Chorwat; Croat
131; Czarna Madonna; Black Madonna of Częstochowa
132; Czarne Koszule; blackshirts
133; Czarnogóra; Montenegro
134; Czech; Czech
135; Czechy; Czech Republic
136; Czego oczy nie widzą, tego sercu nie żal.; What the eye does not see, the heart does not grieve over.
137; Czerwona Księga; Red Book
138; Czeska Szwajcaria; Bohemian Switzerland
139; Czirokezi; Cherokee
140; Czy mogę przyjąć zamówienie?; Can I take your order now?
141; Czy mówisz po polsku?; Do you speak Polish?
142; chrząstki; gristle
143; chrząstkowy; cartilaginous
144; chrząszcz ryjkowiec; weevil
145; chusta; muffler
146; chusta na głowę; headscarf
147; chusteczka do nosa; hankie
148; chusteczka odświeżająca; wipe
149; chusteczki nawilżające; wet wipes
150; chustka na głowę; babushka
151; chutliwy; libidinous
152; chwytać; catch
153; chwytać kogoś za serce; touch someone’s heartstrings
154; chwytać się; cling
155; chwytać w polu gry; field
156; chwytliwy; catchy
157; cuma dziubowa; headline
158; cumować; berth
159; cunnilingus; cunnilingus
160; curriculum vitae; curriculum vitae
161; curry z białej rzodkwi; mooli
162; cwaniacki; cockney
163; cwaniaczek; city slicker
164; cwaniara; cunning woman
165; cwał; gallop
166; cwel; fucker
167; cyberchondria; cyberchondria
168; cyberkultura; cyberculture
169; cybernetyka; cybernetics
170; cyberprzestrzeń; cyberspace
171; cyberpunk; cyberpunk
172; cykliczne; cyclical
173; cymbałki; glockenspiel
174; cymbergaj; coin football
175; cyna; tin
176; cynaderka; kidney stew
177; cynamon; cinnamon
178; cynamonowy; cinnamon
179; cyngiel; hitman
180; cyniczny; cynical
181; cynizm; cynicism
182; cynki; cornett
183; cynkowanie; galvanizing
184; cynober; cinnabar
185; cynocefal; cynocephalus
186; cynowy; tin
187; cypel osobłoski; Osoblaha Hook
188; cyprys; cypress
189; chuchać; blow
190; chuchnąć; blow
191; chudość; thinness
192; chudy jak patyk; as slim as a rake
193; chudzielec; bag of bones
194; chuj; cock
195; chuje; dicks
196; chujogłowy; dickhead
197; chuliganizm; hooliganism
198; chuligaństwo; hooliganism
199; chusta do noszenia dziecka; sling
200; chusteczka; handkerchief
201; chwytliwy; catchy
202; chyba nie; I don’t think so
203; chyba zwariowałeś!; you need your head examined!
204; chyba że; unless
205; cuma; hawser
206; cuma dziubowa; headline
207; cumować; berth
208; cunnilingus; cunnilingus
209; curriculum vitae; curriculum vitae
210; cyfrowe pieniądze; digital cash
211; cyfrowe wywołanie selektywne; DSC
212; cyfrowy aparat fotograficzny; digital camera
213; cyfrowy naziemny; digital terrestrial
214; cyfry; digits
215; cygan; vagrant
216; cyganić; deceive
217; cygarnica; cigar case
218; DIMM; DIMM
219; DJ; DJ
220; DMI; DMI
221; DMTF; DMTF
222; DNP; DNP
223; DPF; diesel particulate filter
224; DPMS; DPMS
225; DSMR; DSMR head
226; DSTN; DSTN
227; DTD; DTD
228; DTMF; DTMF tones
229; DVD; DVD
230; Dacia Duster; Dacia Duster
231; Dakoci; Sioux
232; Dominikanie; Dominican Order
233; Doradztwo i pomoc sądowa dla dzieci i rodzin; Children and Family Court Advisory and Support Service
234; Dortmund; Dortmund
235; Douglas; Douglas
236; Drina; Drina
237; dach; roof
238; dach mansardowy; mansard roof
239; dach składany; hood
240; dachować; overturn
241; dachowy; roofing
242; dachówki; tiles
243; dacza; dacha
244; dobrze po; well over
245; dobrze ponad; well over
246; dobrze prosperować; be flying high
247; dobrze przemyślany; well-conceived
248; dobrze płatny; well-paid
249; dobrze się bawić; have a nice time
250; dobrze się rozpocząć; get off to a good start
251; dobrze się spisać; give a good account of oneself
252; dobrze się zastanowić; sleep on it
253; dobrze sobie radzić; perform
254; dobrze słyszeć!; good to hear
255; dobrze ubrany; well-dressed
256; dochować; keep
257; dochować się; be preserved
258; dochowywać; keep
259; doczekać; live to see
260; doczekać śmierci; meet one's death
261; doczepiać; hook up
262; doczesna; decidua
263; doczesny; evanescent
264; doczytać; finish reading
265; doczytywać; finish reading
266; doczyścić; clean thoroughly
267; dodający otuchy; reassuring
268; dodanie do kalendarza; intercalation
269; dodany; added
270; dodatek aktywizacyjny; additional unemployment prevention allowance
271; dodatek do zakupionego towaru; lagniappe
272; dodatek ilustrowany; colour supplement
273; dodatek nocny; night shift allowance
274; dodatek smakowy; flavor-enhancer
275; drugi w kolejności; second best
276; drugie; second
277; drugie dno; hidden agenda
278; druk do krawędzi; bleed
279; druk od krawędzi do krawędzi; full bleed
280; druk w orientacji poziomej; landscape printing
281; druk wklęsły; intaglio
282; drut telegraficzny; telegraph line
283; druza; druse
284; druzgocący cios; body blow
285; druzgotać; crush
286; drużbowie; groomsmen
287; drużyna atakująca; attacking team
288; EOL; EOL
289; EPP; EPP
290; EPS; EPS file
291; ESP; ESP
292; EUW; EMU
293; Earastotenes; Earstothenes
294; Edek; Ed
295; Edward; Edward
296; Edynburg; Edinburgh
297; Edyp; Oedipus
298; Emilia; Emily
299; Emma; Emma
300; End Of File; EOF
301; Epifania; Epiphany
302; Epimetheus; Epimetheus
303; Episkopi Cantonment; Episkopi Cantonment
304; Erich; Erich
305; Eryda; Eris
306; Eryk; Eric
307; Erywań; Yerevan
308; e-moll; E minor
309; e-zin; e-zine
310; ech!; oh well
311; echinokaktus Williamsa; peyote
312; echo; echo
313; echo serca; heart echo scan
314; ecstasy; Ecstasy
315; edredon; eiderdown
316; edukacja czytelnicza; reading education
317; edukacja domowa; home based learning
318; edukacja przedszkolna; nursery education
319; edukacyjny; educational
320; edycja; edition
321; edycje; editions
322; edytor; rewriter
323; ekspandor; expander
324; eksploracja jaskiń; potholing
325; eksploracja tekstu; text data mining
326; eksploracyjny; exploratory
327; eksplorować; explore
328; eksplozja; explosion
329; eksplozje; explosions
330; eksponat; exhibit
331; eksponent; exponent
332; eksponowany; on show
333; eksport; export
334; eksporterzy; exporters
335; ekspozycja; exposure
336; ekspozycja zawodowa; occupational exposure
337; ekspozytor; expositor
338; ekspres; express
339; ekspres do kawy; coffee maker
340; ekspresja; expression
341; ekspresjonizm; expressionism
342; ekspresyjność; expressiveness
343; ekspresywizm; expressivism
344; ekstrakcja; extraction
345; ekstraklasa; first league
346; ekstrakt słodowy jęczmienia; barley malt extract
347; ekstraktor; extractor
348; ekstrapolacja; extrapolation
349; ekstrawagancja; extravagance
350; ekstrawagancko; extravagantly
351; ekstrawersyjny; extrovert
352; ekstrawertyk; extrovert
353; ekstrem; extreme
354; ekstremalność; extremeness
355; ekstremista; extremist
356; ekstremiści; extremists
357; ekstropianizm; extropianism
358; ekstynkcja; extinction
359; ektomorfik; ectomorph
360; ektoplazma; ectoplasm
361; ekumeniczny; ecumenical
362; ekwant; equant
363; ekwilibrystyczny; unusually skilled
364; ekwipaż; outfittings
365; ekwipować; equip
366; ekwiwalencja; equivalence
367; ekwiwalentny; equivalent
368; elaborat; comprehensive study
369; elastik; elastic
370; emirat; emirate
371; emisja; emission
372; emisja dwutlenku węgla; emission of carbon dioxide
373; emisja głosu; vocal pedagogy
374; emisja promieni gamma; gamma ray emission
375; emisje węgla; carbon emissions
376; emisyjny; flotation
377; emiter; emitter
378; emitowany; emitted
379; emitowany przez telewizję; televised
380; emitować; emit
381; emitować w telewizji; televise
382; emocja; emotion
383; emocjonalizm; emotionalism
384; emocjonalnie; emotionally
385; emocjonalny; emotional
386; emocjonujący; emotion-laden
387; emotikona; emoticon
388; emotywizm; emotivism
389; empatia; empathy
390; emperipoleza; emperipolesis
391; empireum; empyrean
392; empiryczny; empirical
393; empiryt; tektite
394; energochłonny; energy-intensive
395; epidemiologiczny; epidemiological
396; epidermotropizm; epidermotropism
397; epidot; epidote
398; epigamiczny; epigamic
399; Gefion; Gefjon
400; Grzegorz; Gregory
401; Gudżarati; Gujarati
402; Guinness; Guinness
403; Gujana Francuska; French Guiana
404; Gustavia; Gustavia
405; Gwatemala; Guatemala
406; gwiazda polarna; lodestar
407; gwiazda wieczorna; Vesper
408; Gwinea; Guinea
409; gabinet; closet
410; gabinet dyrektora; head teacher's office
411; gabinet kosmetyczny; beautician’s
412; gabinet odnowy; rejuvenation center
413; gabinet pedagoga; guidance room
414; gable; potato fork
415; gminny; communal
416; gnat; bone
417; gnejs; gneiss
418; gniadosz; dun
419; gniazdko; outlet
420; gnuśnie; indolently
421; gnuśność; sloth
422; gnykowy; hyoid
423; gnębiciel; oppressor
424; go; him
425; gobelin; arras
426; godność; dignity
427; godność królewska; royalty
428; godny; deserving
429; godzina przylotu; arrival time
430; grubiaństwo; grossness
431; grubiutki; chubby
432; grubo posmarować; slather
433; grubokońcowość; big-endian
434; gruboskórzec; pachyderm
435; gruboziarnisty; coarse-grained
436; grubość; coarseness
437; grubość książkowa; book weight
438; grubość powłoki mokrej; wet film thickness
439; grubszy koniec; butt
440; gruby wełniany lub jedwabny sznur; gimp
441; gruchać; coo
442; gruchnąć; clunk
443; grupa społecznościowa; social community
444; grupa terrorystyczna; terror group
445; grupa towarzysząca; backing band
446; Hertfordshire; Hertfordshire
447; h; aitch
448; ha; ha
449; habilitacja; tenure (at university)
450; habilitowany; post-doctoral
451; habilitować się; habilitate
452; habit nie czyni mnicha; don’t judge a book by its cover
453; hacjenda; hacienda
454; haczyk; angle
455; haczyk do zasłon; curtain hook
456; haczyki (na sznurowadła); hooks
457; hadron; hadron
458; hafciarstwo; embroidery
459; haft; embroidery
460; haftka; hook and eye
461; hagiografia; hagiography
462; hamburgery; hamburgers
463; hamowanie; curbing
464; hamować; hinder
465; hamulce; brakes
466; hamulec; brake
467; hamulec pneumatyczny; air brake
468; hemipareza; hemiparesis
469; hemochromatoza; hemochromatosis
470; hiena cmentarna; ghoul
471; hierarchia alt; alt hierarchy
472; hierarchia misc; misc hierarchy
473; higiena osobista; personal care
474; higieniczny; hygienic
475; higienista dentystyczny; dental hygienist
476; higroskopijny; hygroscopic
477; hinduizm; Hinduism
478; hinduskie jedzenie; Indian food
479; hiper-; hyper-
480; hiperbola; hyperbole
481; hiperboliczny; hyperbolic
482; hipercholesterolemia; hypercholesterolaemia
483; hipergalaktyka; hypergalaxy
484; hiperkalcemia; hypercalcaemia
485; hiperkonkurencyjny; hypercompetitive
486; hiperlordoza; hollow back
487; hipernowa; hypernova
488; hiperonim; superordinate
489; hiperspektralny; hyperspectral
490; hipertekst; hypertext
491; hipertonia; hypertonia
492; hipertrichoza; hypertrichosis
493; hiperwentylować; hyperventilate
494; hiperłącze; hyperlink
495; hipika; horse racing
496; hipisowski; hippie
497; hipnotyczny; hypnotic
498; hoplita; hoplite
499; horda; horde
500; hormon; hormone
501; hormony; hormones
502; hormony sterydowe; steroid hormones
503; horologia; horology
504; horrendalnie; horrendously
505; horror; horror
506; hortensja pnąca; climbing hydrangea
507; horyzont astronomiczny; celestial horizon
508; hospicjum; hospice
509; hospitalizacja; hospitalization
510; hospitalizować; hospitalize
511; hossa; bull market
512; hostel; flophouse
513; hostia; Host
514; hostować; host
515; hot-dog; hot dog
516; hotel butikowy; boutique hotel
517; hołota; rabble
518; hołubić; dote
519; hrab.; Co
520; hrabina; countess
521; hrabiowie; counts
522; hrabstwa; counties
523; hrabstwo; earldom
524; humoralny; humoral
525; humorysta; humorist
526; humorzasty; moody
527; huncwot; blighter
528; hungarysta; graduate of Hungarian studies
529; hura; hooray
530; hurkotać; rumble
531; hurma; ebony
532; hurra; hooray!
533; hurtem; in bulk
534; hurtownik; warehouseman
535; hurtowy; wholesale
536; husaria; Polish 16th-18th century "winged" cavalry
537; hustać się; wiggle
538; husytyzm; Hussitism
539; huta aluminium; aluminium smelter
540; huta żelaza; steel mill
541; hutniczy; metallurgical
542; hutnik szkła; glass-blower
543; huzia!; hallo
544; huśtawka; swing
545; huśtać; dandle
546; hybryda; hybrid
547; hybrydyzować; hybridise
548; hydatidoza; echinococcal disease
549; hydrant; fireplug
550; hydrargilit; gibbsite
551; hydraulik; plumber
552; ile płacę?; What's the damage?
553; Illinois; Illinois
554; Imogena; Imogen
555; Islandia; Iceland
556; Istambuł; Istanbul
557; Italia; Italy
558; Iwona; Yvonne
559; idempotentny; idempotent
560; identyczność; identical nature
561; identyfikacja; identification
562; identyfikacja użytkownika; user id
563; identyfikator; identity card
564; immunoglobulina; immunoglobulin
565; inaugurować; christen
566; incognito; incognito
567; incydent; incident
568; incydent mukdeński; Manchurian Incident
569; incydentalny; incidental
570; indeks; index
571; industrializować; industrialize
572; indyferencja; indifference
573; indygenizacja; indigenisation
574; indygowiec; indigo plant
575; indyk; turkey
576; indywidualizm; individualism
577; indywidualne ubezpieczenie emerytalne; individual retirement plan
578; indywidualność; individuality
579; indywiduum; individual
580; inercja; inertia
581; inercyjny; inert
582; inessyw; inessive
583; infantylizować; infantilize
584; infantylność; childishness
585; infekcja; infection
586; infekcja ucha; ear infection
587; infekcyjny; infectious
588; instytucjonować; institutionalise
589; interaktywność; interactivity
590; interfejs MIDI; MIDI interface
591; interfejs dysku twardego; hard disk interface
592; interfejs kart pamięci komputerów osobistych; PCMCIA
593; interfejs małych systemów komputerowych; SCSI
594; interfejs obsługiwany myszą; mousable interface
595; interfejs programistyczny Netscape'a; Netscape Application Programming Interface
596; interfejs programistyczny serwerów internetowych; ISAPI
597; interfejs stopnia podstawowego; BRI
598; interfejs użytkownika; user interface
599; interfejs użytkownika CUA; CUA
600; interfejs z wierszem poleceń; command-line interface
601; interfejsy; interfaces
602; italiki; italics
603; izraelskie; Israeli
604; iłowaty; loamy
605; iść; go
606; iść ciężkim krokiem; pound
607; iść dalej prosto; go straight on
608; iść do więzienia; go to prison
609; iść dobrze; go well
610; iść jak kaczka; waddle
611; iść komuś źle; do badly
612; iść na całość; go all the way
613; iść na dyskotekę; go to a disco
614; iść na głosowanie; go to the polls
615; iść na imprezę; go balling
616; iść na koncert; go to a concert
617; iść na pachtę; scrump
618; Jego Książęca mość; His Grace
619; Jehowa; Jehovah
620; Jezu ufam Tobie; Jesus, I trust in You
621; Jezus Chrystus; Jesus Christ
622; Jim; Jim
623; Johannesburg; Johannesburg
624; jolka; dinghy
625; Jonatan; Jonathan
626; Jowisz; Jove
627; Juan; Juan
628; judasz; judas
629; Jugosłowianin; Jugoslav
630; Juliusz Cezar; Caesar
631; jupiter; jupiter lamp
632; Józek; Joey
633; j.a.; AU
634; ja chciałabym; I would like
635; ja cię kręcę!; cor blimey!
636; ja jestem; I am
637; ja mam; I have got
638; jagnić się; lamb
639; jagnięca skóra; lambskin
640; jagnięcina; lamb
641; jagoda dzikiego bzu; elderberry
642; jagody; berries
643; jagody goji; goji
644; jaguar; jaguar
645; jaja; balls
646; jajco; ball
647; jajeczkowanie; ovulation
648; jajecznica; scrambled eggs
649; jajka; eggs
650; jajka w koszulkach; poached eggs
651; jajko na miękko; soft-boiled egg
652; jajko sadzone; fried egg
653; jajko z brojlerni; battery egg
654; jajnik; ovary
655; jajnikowy; ovarian
656; jajogłowy; pointy-head
657; jarmark bożonarodzeniowy; Christmas market
658; jarmuż; collard
659; jarski; vegetable
660; jarzeniowy; fluorescent
661; jarzyna; vegetable
662; jarzynki; veggies
663; jarząb; mountain ash
664; jarzębiak; service-berry brandy
665; jarzębiny; rowan trees
666; jasiek; throw pillow
667; jaskinia; cave
668; jaskinie; caves
669; jaskra; glaucoma
670; jaskrawoczerwony; pillar-box red
671; jaskrawy; brilliant
672; jaspis; jasper
673; jastrun właściwy; ox-eye daisy
674; jastrząb; goshawk
675; jastrzębiec; hawkweed
676; jaszcz; caisson
677; jaszczurczy; saurian
678; jaszmak; yashmak
679; jatrogenny; iatrogenic
680; jawajski; Javanese
681; jawnie; avowedly
682; jawnopłciowy; phanerogamous
683; jawny; open
684; jersey bawełniany; cotton jersey
685; jesteś w tarapatach; you are in for it
686; jeździć na deskorolce; skateboard
687; jeździć na koniu; ride a horse
688; jeździć na nartach wodnych; water-ski
689; jeździć na rowerze; ride a bike
690; jeździć na snowboardzie; snowboard
691; jeździć na łyżworolkach; rollerblade
692; jeździć rowerem; cycle
693; jeździć stopem; hitch
694; jeż; hedgehog
695; jeżeli; if
696; Keith; Keith
697; Kenia; Kenya
698; Kenny; Kenny
699; Kevin; Kevin
700; Kickboard; Kickboard
701; Kielce; Kielce
702; Kigali; Kigali
703; Kijów; Kiev
704; kim; who
705; Kim ty jesteś?; Who are you?
706; kingston; Kingston valve
707; Kinszasa; Kinshasa
708; Kirgistan; Kyrgyzstan
709; Kiszyniów; Chisinau
710; Korona Północna; Corona Borealis
711; Koronna Służba Prokuratorska; Crown Prosecution Service
712; Korynt; Corinth
713; Kosowo; Kosovo
714; Koszalin; Koszalin
715; kozak; badass
716; Koło Fortuny; Wheel of Fortune
717; Koński Łeb; Horsehead Nebula
718; Kościół Mariacki; St. Mary's Basilica
719; kluczowy czynnik sukcesu; critical success factor
720; kluczowy pracownik; key worker
721; klęsnąć; collapse
722; kmieć; serf
723; kmin rzymski; cumin
724; kmiot; bumpkin
725; kmotr; chum
726; kołnierz; collar
727; kołnierz wiertniczy; drill collar
728; kołnierzyk; dickey
729; koło; circle
730; koło do pływania; swim ring
731; koło kwintowe; circle of fifths
732; koło naciągowe; crown wheel
733; koło naukowe; scientific circle
734; koło parlamentarne; caucus
735; koło podbiegunowe; polar circle
736; koło południkowe; meridian transit
737; koło ratunkowe; life preserver
738; koło samochodu; car wheel
739; koło sukcesu; virtuous circle
740; koło wielkie; great circle
741; koło zamachowe; flywheel
742; koło zapasowe; spare wheel
743; kończyć się ostrzeżeniem; end on a cautionary note
744; kończyć studia wyższe; graduate
745; kończyć trasę; terminate
746; kończyć z; finish with
747; kończący się; terminative
748; kość czołowa; frontal bone
749; kość długa; long bone
750; kość guziczna; tailbone
751; kość jarzmowa; malar
752; kość niezgody; bone of contention
753; kość piszczelowa; shinbone
754; kość policzkowa; cheekbone
755; kość ramienna; humerus
756; Laponia; Lapland
757; Lapończyk; Laplander
758; Larry; Larry
759; Laszczyzna; Lachia
760; Latynosi; Hispanics
761; Lawrence; Lawrence
762; Leda; Leda
763; Lucyna; Lucy
764; Luizjana; Louisiana
765; Lukianusz; Lucian
766; Lusaka; Lusaka
767; Luwr; Louvre
768; lajkować; like
769; laka; japan
770; lakier do paznokci; nail polish
771; lakierki; patent leather shoes
772; liczba miejsc siedzących; seat capacity
773; liczba mieszkańców; population
774; liczba naturalna; natural number
775; liczba niewymierna; irrational number
776; liczba parzysta; even number
777; liczba podwójna; dual number
778; liczby parzyste; even numbers
779; liczby ujemne; negative numbers
780; liczby wymierne; rational numbers
781; liczebnik; numeral
782; liczebnik porządkowy; ordinal
783; liczebność próby; sample size
784; luka anionowa; anion gap
785; luka emaptyczna; empathy gap
786; luka produktowa; output gap
787; lukier; icing
788; lukrecja; licorice
789; lukrować; ice
790; luksemburski; of Luxembourg
791; luksusowe biwakowanie; glamping
792; luksusowo wydany prospekt; glossy brochure
793; luksusowy apartament na ostatnim piętrze budynku; penthouse
794; lulek czarny; henbane
795; lumbalizacja; lumbarization
796; luminacja; brilliance
797; luminarz; luminary
798; luminescencyjny; luminescent
799; luminol; luminol
800; lumpenprekariusze; underclass
801; lunapark; amusement park
802; lunatyk; night-walker
803; lunatyzm; sleepwalking
804; luneta; field glass
805; lunetka; spy glass
806; lupa; magnifying glass
807; lureks; lurex
808; lądowanie przymusowe; emergency landing
809; lęk przed śmiercią; fear of death
810; Mateusz; Matthew
811; Matka Boska; Mother of God
812; Matka Boża; Mary, the mother of Jesus
813; Matylda; Matilda
814; Mikołaj Kopernik; Nicholas Copernicus
815; mikroskop; microscope
816; Milicz; Milicz
817; meglitinid; meglitinide
818; mejl; e-mail
819; meksykańska fala; Mexican wave
820; meksykański; Mexican
821; melancholijny; atrabilious
822; melanizacja; melanisation
823; melanoidyna; melanoidin
824; melanż; blend
825; melatonina; melatonin
826; meldować się; check in
827; melioracja; land improvement
828; melioryzm; meliorism
829; melisa lekarska; lemon balm
830; melodia; melody
831; menu okna; window menu
832; menu rozwijalne; pull-down menu
833; metalizować; metallize
834; metaloplastyka; metalwork
835; metalowe oczko; grommet
836; metalowy; metal
837; metalowy plastron ochronny; metallic plastron
838; metalurg; metallurgist
839; metamfetamina; crystal meth
840; metan; methane
841; metanoja; metanoia
842; metaplik z grafiką komputerową; CGM
843; metastatyczny; metastatic
844; metastazy; metastases
845; meteopatia; meteoropathy
846; meteoroid; meteoroid
847; meteorologia; meteorology
848; meteoropata; meteoropathic
849; meteorowy; meteoric
850; meteoryczny; meteoric
851; meteoryt kamienno-żelazny; siderolite
852; meteoryt żelazny; iron meteorite
853; metka z ceną; price tag
854; metkownica; labeller
855; mnemonik; mnemonic
856; mnemonika; mnemonics
857; mnestyczny; mnestic
858; mnich; monk
859; mnie; me
860; mnie również miło poznać; it's nice to meet you too
861; mniej więcej; more or less
862; mniejsza jednostka; subdivision
863; mniejsza z tym; it doesn’t matter
864; mniejsze zło; the lesser evil
865; mniejszy; smaller
866; mniemanie; conception
867; mnisi; monkish
868; mniszka; nun
869; mobilizować; mobilize
870; mobilizować wspólnie; pool
871; mobilność; mobility
872; mobilność społeczna; social mobility
873; moc; authority
874; model referencyjny połączen systemów otwartych; OSI Reference Model
875; model w zmniejszonej skali; scale model
876; model zwierzęcy; animal model
877; modelarstwo; model-making
878; modelka; fashion model
879; modelowanie; modeling
880; modelować; pattern
881; modelowy przykład; shining example
882; Nannoperca australis; Southern Pygmy Perch
883; Narodowa Fundacja na rzecz Nauki; NSF
884; Nigdziebądź; Neverwhere
885; Nigeria; Nigeria
886; Nikaragua; Nicaragua
887; Nikaraguańczyk; Nicaraguan
888; Nikozja; Nicosia
889; Nil; Nile
890; Nina; Nina
891; Nizina Amazonki; Amazon Basin
892; Nobel; Nobel Prize
893; Noc żywych trupów; Night of the Living Dead
894; na bazie prefabrykatów; fabless
895; na bazie wody; water-based
896; na bieżąco; on-line
897; na bok; aside
898; na boku; aloof
899; na całe gardło; uproariously
900; na całego; to the full
901; na całej powierzchni; allover
902; na cały głos; at the top of one's voice
903; na całym ciele; allover
904; na chorobowym; off sick
905; na chwilę; momentarily
906; napylanie; sputtering
907; napój alkoholowy; intoxicant
908; napój energetyczny; energizer
909; napój gazowany; carbonated drink
910; narada wojenna; powwow
911; naradzić się; confer
912; narastająca fala; groundswell
913; narastający; cumulative
914; narastać; accrete
915; naraz; at once
916; narazić na; expose to
917; narażający na niewygody; discommoding
918; narażać na niebezpieczeństwo; imperil
919; narażony na stres; under strain
920; narciarnia; ski room
921; narciarstwo; skiing
922; narciarstwo biegowe; cross-country skiing
923; narciarstwo z helikopterem; heli-skiing
924; narciarz alpejski; alpine skier
925; narcystyczny; narcissistic
926; nargile; hooka
927; narkoman, który wstrzykuje sobie w żyłę; mainliner
928; narkomani; addicts
929; narkoplepsja; narcolepsy
930; narkotyk; dope
931; narkotyki; narcotics
932; narkoza; narcosis
933; narobić ambarasu; cause trouble
934; narobić bigosu; make a mess of things
935; narobić komuś obciachu; come down on someone
936; narodowa; national
937; narodowiec; nationalist
938; narodowowyzwoleńczy; national independence
939; narodowościowy; ethnic
940; narodowość polska; Polish nationality
941; narodowy dzień; national day
942; niedługo potem; shortly afterwards
943; niegrzeczny wobec; rude to
944; niehigieniczny; unsanitary
945; niejasny:niejednoznaczny; mistakable
946; niejeden; quite a few
947; niejednolity; patchy
948; niejednorodny; composite
949; niejednoznaczność; ambiguity
950; niekaralność; unpunishability
951; niekochany; loveless
952; niekoedukacyjny; single-sex
953; niekompatybilność; incompatibility
954; niekompetentny; incompetent
955; niekomunikatywny; uncommunicative
956; niekonfliktowy; easy
957; niekonieczne; dispensable
958; niekonieczny; dispensable
959; niekonserwowany; unpreserved
960; niekonstytucyjny; unconstitutional
961; niekontrolowalny; unwieldy
962; niekontrolowanie czynności fizjologicznych; incontinence
963; niekontrolujący czynności fizjologicznych; incontinent
964; niekorzystna umowa; raw deal
965; niekorzystnie wpłynąć na; impair
966; niekorzyść; disadvantage
967; norweski; Norwegian
968; nos; nose
969; nosek; peen
970; nosiciel; carrier
971; nowotwór; neoplasm
972; nowotwór olbrzymiokomórkowy kości; giant-cell tumor of the bone
973; odkupienie; expiation
974; odtwarzacz; player
975; Odyseja; Odyssey
976; Ohio; Ohio
977; Ojcowie Apostolscy; Apostolic Fathers
978; Oklahoma; Oklahoma
979; Oksford; Oxford
980; Ola; Alex
981; Oliwer; Oliver
982; Oliwier; Oliver
983; Olza; Olza
984; Ondine; Ondine
985; Osmanka; Osmanli
986; Ostrawa; Ostrava
987; Otoczenie sieciowe; Network Neighborhood
988; Otto; Otto
989; Oś Berlin-Rzym-Tokio; Rome-Berlin-Tokyo Axis
990; Oświęcim; Auschwitz
991; o Boże; oh God
992; o aksamitnym delikatnym smaku; velvety
993; o bogatym smaku; flavorful
994; o brzasku; at dawn
995; o charakterze nierywalizacyjnym; nonrival
996; o ciasnych poglądach; blinkered
997; o co ci chodzi?; what's the big idea?
998; o mało nie; all but
999; o mój Boże; OMG
1000; o negatywnym wpływie; detrimental
1001; o nie; alack
1002; o nieokreślonej płci; unsexed
1003; o niskich dochodach; low-income
1004; o niskim standardzie; substandard
1005; o niższej jakości; subpar
1006; o obniżonej odporności; immunocompromised
1007; o ograniczonych dochodach; on a budget
1008; o okrągłych kształtach; curvy
1009; o pałąkowatych nogach; bowlegged
1010; o podejrzanej reputacji; louche
1011; o podobnych zapatrywaniach; like-minded
1012; o ponurej twarzy; grim-faced
1013; o przekroju trójkątnym; triangulate
1014; o północy; at midnight
1015; o różowych policzkach; rosy-cheeked
1016; o smaku figi; figgy
1017; odkładać do leżakowania; lay down
1018; odkładać na czarną godzinę; save something for a rainy day
1019; odludzie; god-forsaken place
1020; odma opłucnowa; pneumothorax
1021; odma śródpiersiowa; mediastinal pneumothorax
1022; odmalować się; show
1023; odmalowywać; depict
1024; odmawiać; refuse
1025; odmawiać modlitwę; say a prayer
1026; odmawiać sobie; eschew
1027; odmiany; variations
1028; odmieniać; metamorphose
1029; odmieniec; misfit
1030; odmienić; inflect
1031; odmienne podejście naukowe; different scientific approach
1032; odmienny; different
1033; odmierzyć; measure off
1034; odmieńcy; misfits
1035; odmitologizowywać; demythologize
1036; odmowa; refusal
1037; odmowa ssania piersi; refusal to nurse
1038; odmrozić; frostbite
1039; odmówić; rebuff
1040; PDN; PDN
1041; PEM; PEM
1042; PESEL; personal identity number
1043; PGR; state collective farm
1044; PIM; PIM
1045; Panamczyk; Panamanian
1046; Panamá; Panama City
1047; Pangea; Pangaea
1048; panna; bachelorette
1049; Panzerfaust; Panzerfaust
1050; Papeete; Papeete
1051; papież; Pope
1052; Papuas; Papuan
1053; Papuańczyk; Papuan
1054; Paragwaj; Paraguay
1055; Park Narodowy Gór Stołowych; Stołowe Mountains National Park
1056; Parsifal; Perceval
1057; Partenon; Parthenon
1058; Paryż; Paris
1059; Pasiphae; Pasiphae
1060; Patrycja; Patricia
1061; Paulina; Paulina
1062; paw; peacock
1063; Paxene; Paxene
1064; Polacy; Poles
1065; pogorzelisko; conflagration
1066; pogotowie gazowe; gas rescue team
1067; pogotowie ratunkowe; emergency ambulance service
1068; pogoń za modą; modishness
1069; pogranicze; borderland
1070; pogratulować komuś czegoś; compliment someone on something
1071; pogrom; extermination
1072; pogromca; attacker
1073; pogromca lwów; lion tamer
1074; pogrozić komuś palcem; wag one's finger at someone
1075; pogrubiać kogoś; make someone look fat
1076; pogrubiony; bold
1077; pogruchotać; mangle
1078; pogrupować; group
1079; pogwałcenie prawa; delict
1080; pogwałcony; breached
1081; pogłaskany; stroked
1082; pogłaśniać coś; turn something up
1083; pogłoska; hearsay
1084; pogłosy; echoes
1085; pogłośnić coś; turn something up
1086; pogłębiać; deepen
1087; pogłębiać swoją wiedzę; broaden one’s knowledge
1088; pogłębić; deepen
1089; pohamować; bit
1090; pohukiwać; hoot
1091; pohuśtać się; seesaw
1092; poimek; postposition
1093; poinformować kogoś; break the news to someone
1094; poinformuj nas; let us know
1095; przebudzenie; awakening
1096; przebudzony; awake
1097; przechowanie; storage
1098; przechować przez zimę; winter
1099; przechowywanie RTV; media storage
1100; przechowywanie i przekazywanie głosu; voice store and forward
1101; przechowywać przez zimę; winter
1102; przechowywać w naftalinie; mothball
1103; przechowywać z dala od ognia; keep away from fire
1104; przechwalanie się; vaunt
1105; przechwalać się; blow one's own trumpet
1106; przechwalać się znajomościami; drop names
1107; przechwałka; gasconade
1108; przechwycenie; interception
1109; przechwycona informacja; intercept
1110; przechwyt; steal
1111; przechwytywanie; trapping
1112; przechwytywać; intercept
1113; przechylać się; careen
1114; przechylić; incline
1115; przeciwciała; antibodies
1116; przeciwciało; antibody
1117; przeciwciśnieniowy; counterpressure
1118; przeciwdowód; counterevidence
1119; przeciwdziałać; counter
1120; przeciwgrzybiczy; antifungal
1121; przeciwklin; gib
1122; przeciwkrzepliwy; anticoagulant
1123; SIM; SIM
1124; SIP; SIP
1125; SLIP; SLIP
1126; SMIS; SMIS
1127; SMP; SMP
1128; SMTP; SMTP
1129; SNMP; SNMP
1130; SONET; SONET
1131; sos; gravy
1132; spec; boffin
1133; SQL; SQL
1134; SS; SS
1135; Seattle; Seattle
1136; Sejm Czteroletni; Four-Year Sejm
1137; Sekstans; Sex
1138; sem; meaning property
1139; Senegal; Senegal
1140; Serb; Serb
1141; Serbia i Czarnogóra; Serbia and Montenegro
1142; Seria niefortunnych zdarzeń; A Series of Unfortunate Events
1143; Serwis Informacyjno-Wyszukiwawczy Dow Jonesa; Dow Jones News/Retrieval Service
1144; Setebos; Setebos
1145; Seville orange; pomarańcza gorzka
1146; Sfederowane Stany Mikronezji; Federated States of Micronesia
1147; Sheffield; Sheffield
1148; St. George's; St. George's
1149; St. Peter Port; St. Peter Port
1150; spaść na cztery łapy; fall on one's feet
1151; spaść w dół; decrease
1152; spaść z piedestału; fall off one’s pedestal
1153; specjalista higieny pracy; occupational hygienist
1154; specjalista od depilacji elektrolitycznej; electrologist
1155; specjalista od reklamy; publicist
1156; specjalista od żywienia; nutritionist
1157; sygnałowy; signal
1158; sygnały do odwrotu; recalls
1159; sygnować inicjałami; initial
1160; syjonista; Zionist
1161; syk; fizz
1162; sykać; hiss
1163; syknąć; hiss
1164; sylaba długa; long
1165; sylabiczny; syllabic
1166; sylabogram; syllabogram
1167; sylabus; syllabus
1168; symulakra; simulacrum
1169; symulator; simulator
1170; synestezja; synaesthesia
1171; synkopowany; offbeat
1172; synod; synod
1173; synogarlica; ringed turtle dove
1174; synonimia; synonymousness
1175; Tasmanka; Tasmanian
1176; Taszkent; Tashkent
1177; Tatry; Tatra mountains
1178; Tbilisi; Tbilisi
1179; Ted; Ted
1180; Teheran; Tehran
1181; Tel Awiw; Tel Aviv
1182; Telewizja Polska; TVP
1183; Tennessee; Tennessee
1184; Termopile; Battle of Thermopylae
1185; Tethys; Tethys
1186; Thai ridgeback; Thai Ridgeback
1187; The Valley; The Valley
1188; Thimphu; Thimphu
1189; Thornburgh; Thornburgh
1190; Trójprzymierze; Triple Alliance
1191; tukan; toucan
1192; Tunezyjczyk; Tunisian
1193; Tunis; Tunis
1194; Turecka Republika Cypru Północnego; Northern Cyprus
1195; Turkmenistan; Turkmenistan
1196; Turyn; Turin
1197; tablica ogłoszeniowa; message board
1198; tablica okresowa; periodic table
1199; tablica rejestracyjna; license plate
1200; tablica rozdzielcza; fascia
1201; teren treningowy; training ground
1202; teren zabezpieczony; secure area
1203; terminowość; promptness
1204; terminy; deadlines
1205; termit; termite
1206; termodynamika; thermodynamics
1207; termoelektronowy; thermionic
1208; termoformierka; thermoformer
1209; termogeniczny; thermogenic
1210; termograficzny; thermographic
1211; termoklina; thermocline
1212; terrorysta; terrorist
1213; terrorystyczny; bombing
1214; terroryzowanie; bullying
1215; terroryści; terrorists
1216; terytoria; territories
1217; terytorium; territory
1218; terytorium zamorskie Wielkiej Brytanii; British Overseas Territory
1219; tessarin; bicomplex number
1220; tessera; abaciscus
1221; test akceptacyjny; acceptance test
1222; test beta; beta test
1223; test immunologiczny; immunoassay
1224; test log-rank; log rank test
1225; test luk; cloze test
1226; test na koniec semestru; final exam
1227; test obciążeniowy; stress test
1228; test przesiewowy; screener
1229; test wytrzymałości; endurance training
1230; treści kontrowersyjne; flame bait
1231; treść ustawy; purview
1232; triada stroficzna; triad
1233; trwale chory; permanently sick
1234; trwać; continue
1235; typ widmowy; spectral class
1236; typek; guy
1237; typografia; typography
1238; typologia; typology
1239; typować; pick
1240; typowo; typically
1241; typowy dla osoby w średnim wieku; middle-aged
1242; typowy przypadek; common case
1243; typu przestrzennego; spacelike
1244; tyrada; tirade
1245; tyrania; tyranny
1246; tyranizować; bully
1247; tyrać jak wół; work like Trojan
1248; tyrańsko; tyrannically
1249; tyroksyna; thyroxine
1250; tyły; home front
1251; tzw.; so-called
1252; tęcza; rainbow
1253; tęczówka; iris of eye
1254; tęgi; portly
1255; tęgopokrywy; coleopterous
1256; tępak; dullard
1257; tępieć; become dull
1258; tępić się; become blunt
1259; tępota; dullness
1260; tępy osiłek; lubber
1261; tęsknie za tobą; I miss you
1262; tłamsić; stifle
1263; tłoczek; piston
1264; tłoczenie; press
1265; tłoczony na zimno; cold-pressed
1266; tłoczyć się; pile
1267; tłuc; drub
1268; Uniwersytet Gdański; University of Gdańsk
1269; Uniwersytet Przyrodniczy; University of Environmental and Life Sciences
1270; ubezpieczenie chorobowe; health insurance
1271; ubezpieczenie lotnicze; aviation insurance
1272; ubezpieczenie na życie; life assurance
1273; ubezpieczenie od; insurance against
1274; ubezpieczone; insured
1275; ubezpieczony poniżej wartości; underinsured
1276; ubezpieczyciele; insurers
1277; ubezpieczyć nisko; underinsure
1278; ubezpieczyć poniżej wartości; underinsure
1279; ubezwłasnowolniony; incapacitated
1280; ubiec; anticipate
1281; ubiegający się; claimant
1282; ubiegać; be a candidate for
1283; ubiegać się o; vie
1284; ubiegać się o stanowisko; apply for the position
1285; układanie włosów; styling
1286; układany w stosy; stackable
1287; układarka rur; sideboom
1288; układać  stóg; rick
1289; układać kalambury; pun
1290; układać na styk; abut
1291; układać podłogę; floor
1292; układać równo; align
1293; układać się w logiczną całość; fall into place
1294; układać tak, by zachodziły na siebie; imbricate
1295; ulegać fermentacji octowej; acetify
1296; ulegać koalescencji; coalesce
1297; ulegać komuś; pander to someone
1298; ulgowy; concessionary
1299; ulica dla pieszych; pedestrian street
1300; ulica handlowa; high street
1301; ulice; streets
1302; uliczka z małymi mieszkaniami przerobionymi ze stajen; mews
1303; ulicznik; guttersnipe
1304; ulistnienie; foliation
1305; ulitować się; show mercy
1306; ulokowanie; placement
1307; uruchomieniowy; run-time
1308; uruchomić; actuate
1309; uruchomić komputer; start the computer
1310; uruchomić ponownie; reset
1311; uruchomić silnik; start an engine
1312; urwanie chmury; cloudburst
1313; urwać; break off
1314; urwać się; peter away
1315; uryna; urine
1316; urywać się; peter away
1317; urywek; fragment
1318; urywkowo; discursively
1319; urzec; captivate
1320; urzeczenie; captivation
1321; urzeczywistniać; accomplish
1322; urzeczywistnienie; actualization
1323; urzeczywistnić się; be carried out
1324; urzekający; beguiling
1325; urzet; Isatis
1326; urzynać; cut off
1327; urząd; office
1328; urząd ds. rejestracji spółek; Companies House
1329; urząd koronera; coroner's office
1330; urząd miar; office of measures
1331; urzędas; paper pusher
1332; urzędniczeć; bureaucratize
1333; urzędniczka służby cywilnej; civil servant
1334; uzależniony od czegoś; addicted to something
1335; uzależnić; addict
1336; uzasadniać; justify
1337; uzasadniony; justified
1338; uzbierać; add up
1339; uzbrajać; arm
1340; uzbrajać z góry; forearm
1341; uzbroić; fuse
1342; uzbroić się na nowo; rearm
1343; uzbrojeni bandyci; gunmen
1344; uzbrojenie terenu; sites and services
1345; uzbrojony bandyta; gun-slinger
1346; uzda; snaffle
1347; uzdatniać; treat
1348; uzupełniający; adjunctive
1349; uzupełnianie się; complementarity
1350; uzupełniać; complement
1351; uzupełniać spoinę; repoint
1352; uzupełnienia wojskowe; military draft
1353; uzupełnić; eke out
1354; uzupełnić zaopatrzenie; restock
1355; uzus; usage
1356; uzwojenie wtórne; secondary winding
1357; uzyskanie; obtainment
1358; uzyskać; realise
1359; uzyskać pomoc; get help
1360; uzyskać wycenę; get a quote
1361; uzyskiwać; obtain
1362; uzyskiwać dostęp do; access
1363; uściski; cuddles
1364; uścisnąć; embrace
1365; uściślać; qualify
1366; uściślić; precise
1367; uśmiechający się z wyższością; smirking
1368; WNP; CIS
1369; WORM; WORM
1370; Wielka Niedźwiedzica; Great Bear
1371; Wielka Rafa Koralowa; Great Barrier Reef
1372; Wielka Sobota; Easter Eve
1373; Wielka Trwoga; Great Fear
1374; Wielka Wojna Ojczyźniana; Great Patriotic War
1375; Wielki Atraktor; Great Attractor
1376; Wielki Czwartek; Holy Thursday
1377; Wielki Obłok Magellana; LMC
1378; Wojciech; Adalbert
1379; Wojewódzki Ośrodek Ruchu Drogowego; voivodeship training centre for drivers
1380; Wojna Secesyjna; American Civil War
1381; wjechać w tył; rear-end
1382; wjechać z impetem; plough through
1383; wkalkulować; take account of
1384; wkleić; stick into
1385; wklejać; paste
1386; wklejka; insertion
1387; wklepywać; pat
1388; wklęsłodruk; copper-plate printing
1389; wklęsły; concave
1390; wkraczać; step in
1391; wkraczać na teren prywatny; trespass
1392; wkraść się; slip in
1393; wkładka rozporowa; spacer
1394; wkładki do butów; insoles
1395; wkłucie centralne; central venous catheter
1396; wkłuć; pierce
1397; wlać za dużo wody; overwater
1398; wlec po ziemi; draggle
1399; wlec się noga za nogą; drag one's feet
1400; wlecieć; blow in
1401; wlekący się; draggy
1402; wlew; feed
1403; wlewać; pour
1404; wliczyć w; include in
1405; wmawiać; convince
1406; wylatywać; furl out
1407; wylać na kogoś całą swoją żółć; vent one’s gall on someone
1408; wylać posadzkę; floor
1409; wylać strumieniem; gush from
1410; wylać żale; spill one's guts
1411; wylotnik; outlet of the press
1412; wyludnić; depopulate
1413; wyluzować; chill out
1414; wyluzowywać się; loosen up
1415; wyluzuj!; cool it!
1416; wymaglować; mangle
1417; wymamrotać; slur
1418; wymanewrowywać; outmaneuver
1419; wymarsz; departure
1420; wymarzony; dreamed-of
1421; wymarły; extinct
1422; wymaszerowywać; move off
1423; wymawiać komuś coś; expostulate
1424; wymaz z gardła; throat swab
1425; wymazać; wipe out
1426; wymazać historię logowania; clear log history
1427; zodiak; zodiac
1428; z biegiem czasu; in the course of time
1429; z bliska; closely
1430; z boku; askance
1431; z bożej łaski; bad
1432; z braku lepszego słowa; for want of a better word
1433; z bólem serca; with a heavy heart
1434; z błogosławieństwem; with blessing
1435; z błoną pływną; webbed
1436; z całego serca; wholeheartedly
1437; z całej duszy; hear and soul
1438; z całkowitą pewnością; without missing a beat
1439; z całą pewnością; most certainly
1440; z chowu na wolnym wybiegu; free-range
1441; z chęcią; with pleasure
1442; z czasem; with the passing of time
1443; z czystej ciekawości; just out of curiosity
1444; z czystym sumieniem; with a clear conscience
1445; z dala od rodzinnego domu; far from hearth and home
1446; z góry dziękuję; thank you in advance
1447; z góry skazany na przegraną; doomed
1448; z góry ustalony; pre-established
1449; z honorem; honourable
1450; z inicjałami właściciela; personalised
1451; zapiętek; counter
1452; zapięty; fastened
1453; zaplanowany; planned
1454; zaplanować; schedule
1455; zaplecze badawczo-rozwojowe; development facilities
1456; zaplecze władzy; power base
1457; zaprawiony; on the fritz
1458; zaprawiony w boju; seasoned
1459; zaprawić; season
1460; zaprezentować; parade
1461; zaprezentować się z najlepszej strony; put one's best foot forward
1462; zaprzedaniec; traitor
1463; zaprzepaszczać; squander
1464; zaprzestanie; cut-off
1465; zaprzestać; cease
1466; zgrzewka; carry pack
1467; zgrzyt; grinding
1468; zgrzytanie zębami; gnashing of teeth
1469; zgrzytać zębami; gnash one's teeth
1470; zhardzieć; become haughty
1471; zharmonizować; harmonize
1472; zhańbić; disgrace
1473; zhumanizować; humanize
1474; ziarenkowce; cocci
1475; ziarna słonecznika; sunflower seeds
1476; ziarnienie; graining
1477; ziarnina; granulation
1478; ziarninowanie; granulation
1479; ziarnisty; grained
1480; ziarnko; granule
1481; ziarnko gradu; hailstone
1482; ziarnko pieprzu; peppercorn
1483; ziarno; grain
1484; ziać; breathe
1485; zidiociały; half-assed
1486; zielarski; herbal
1487; zielarz; herbalist
1488; zieleń; green
1489; zielnik; herbal
1490; ziemniaki pieczone; baked potatoes
1491; ziemniok; spud
1492; ziemny; of earth
1493; żeński; female
1494; żeńskie zgromadzenie; sorority
1495; żigolo; gigolo
1496; żmija; adder
1497; żonaty; married (of man)
1498; żonaty z; married to
1499; żonglerka; juggle
1500; żonglować; juggle
1501; żonkil; daffodil
1502; żonobójca; uxoricide
1503; żony; wives
1504; żołdak; brutish soldier
1505; żołnierka; soldiering
1506; żołnierz Armii Czerwonej; Red Army soldier
1507; żołnierz armii amerykańskiej; GI
1508; żołnierz królewskiej straży przybocznej; yeoman
1509; żołądek; stomach
1510; żołądek podchodził mi do gardła; my stomach was churning
1511; żołądek właściwy; abomasum
1512; życz mi powodzenia; wish me good luck
1513; życzenia świąteczne; best wishes
1514; życzenie; wish
1515; z biegiem lat; with the years
1516; z bokobrodami; whiskery
1517; z boku na bok; from side to side
1518; z braku laku dobry i opłatek; beggars can't be choosers
1519; z bujną wyobraźnią; imaginative
1520; z bąbelkami; fizzy
1521; z entuzjazmem; enthusiastically
1522; z fałszywą skromnością; coyly
1523; z frędzlą; braided
1524; z galanterią; gallantly
1525; z gołą głową; bareheaded
1526; z grila; grilled
1527; z grubą warstwą białego włókna; pithy
1528; z gruntu; basically
1529; zapobiegliwie; thoughtfully
1530; zapobiegliwy; precautious
1531; zapoczątkowany; originated
1532; zapowietrzony; airlocked
1533; zapowietrzyć się; become air-locked
1534; zapoznany; acquainted
1535; zapoznawać się z czymś; get feet wet
1536; zapoznać się; get to know each other
1537; zapożyczać się; get into debt
1538; zapożyczenie; borrowing
1539; zapożyczony; derivate
1540; zapracowany; overworked
1541; zapracować na coś; work oneself up
1542; zapraszający do pocałunku; kissable
1543; zapraszać; invite
1544; zapraszać do środka; ask in
1545; zaprawa; ground
1546; zaprawdę; indeed
1547; zaprawiać słodem; malt
1548; zaprawiony kroplą goryczy; bittersweet
1549; zaprawiony żółcią; jaundiced
1550; zgrzytliwy; grating
1551; zgubiony; lost
1552; zgubiony łańcuch; lost chain
1553; zgubić drogę; lose one’s bearings
1554; zgubny; calamitous
1555; zguby; lost and found
1556; zgwałcić; rape
1557; zgład; microsection
1558; zgładzona; slain
1559; zgładzony; slain
1560; zgłaszający reklamację; claimant
1561; zgłaszać; come forward with
1562; zgłaszać protest; protest
1563; zgłaszać się; come forward
1564; ziarnko do ziarnka i zbierze się miarka; a penny saved is a penny earned
1565; ziarnko piasku; sand grain
1566; ziarno czystego metalu; nugget
1567; ziarnować; granulate
1568; zidentyfikować; identify
1569; ziejący; yawning
1570; zielarstwo; herbalism
1571; ziele; herb
1572; ziele jaskrowate; winter aconite
1573; zieleniec; greenstone
1574; zieleń Guigneta; viridian
1575; zimne; cold
1576; żelazobeton; reinforced concrete
1577; żelazonośny; ferrous
1578; żelazowy; ferric
1579; żelbetowy; ferroconcrete
1580; żeliwiak; cupola
1581; żołądek podjeżdżał mi do gardła; my stomach was churning
1582; żołądki; gizzards
1583; żołądkowy; gastric
1584; żołędzie; acorns
1585; żurawiny; cranberries
1586; żurfiks; fixed day
1587; żuwaczka; mandible
1588; żuław; zouave
1589; żużel; cinder
1590; żużel na długim torze; longtrack
1591; żużel na trawie; grasstrack
1592; żwacz; masticator muscle
1593; żwawy; brisk
1594; żwirek; grit
1595; żwirować; cover with gravel
1596; żwirowy; gravelly
1597; życica; darnel
1598; życie codzienne; daily life
1599; życie miłosne; love life
1600; życie nie jest usłane różami; life's not a bed of roses
1601; życie prywatne; private life
1602; ziemianin; earthman
1603; Zimbabwe; Zimbabwe
1604; Zjednoczone Emiraty Arabskie; United Arab Emirates
1605; zmierzch; dusk
1606; zodiak; zodiac
1607; Zurych; Zurich
1608; Zuzanna; Susan
1609; Zwariowałeś?; Are you crazy?
1610; Zwierzo-zwierzenia; Creature Comforts
1611; Związek Achajski; Achaean League
1612; Związek Hanzeatycki; Hansa
1613; Związek Socjalistycznych Republik Radzieckich; Union of Soviet Socialist Republics
1614; Zółta Księga; Yellow Book
1615; z falbankami; frilly
1616; z fiszbinami; underwired
1617; z frędzlami; braided
1618; z furią; furiously
1619; z godnością; worthily
1620; z gustem; aesthetically
1621; z górki; downhill
1622; zapobiegający; preclusive
1623; zapobiegawczy; precautious
1624; zapobiegać wzrostowi rogów; dehorn
1625; zapobiegliwość; foresight
1626; zapoczątkowanie; origination
1627; zapoczątkować; initiate
1628; zapodać; drop
1629; zapodziewać; mislay
1630; zapominalski; forgetful
1631; zapominać; forget
1632; zapowietrzać się; become air-locked
1633; zapowietrzyć; get air in
1634; zapoznanie; orientation
1635; zapoznawać się; become acquainted
1636; zapoznać; acquaint
1637; zapoznać z; acquaint with
1638; zapożyczać; adopt
1639; zaprzestać; cease
1640; zgłodniały; esurient
1641; zgłosić; declare
1642; zgłosić problem; report a problem
1643; ziarno czystego metalu; nugget
1644; ziarnować; granulate
1645; zidentyfikować; identify
1646; ziejący; yawning
1647; zielarstwo; herbalism
1648; ziele; herb
1649; ziele jaskrowate; winter aconite
1650; zieleniec; greenstone
1651; ziemia okrzemkowa; diatomaceous earth
1652; żer; food
1653; żerdź; bird perch
1654; żubr; European bison
1655; żuchwa; jowl
1656; żuchwowy; mandibular
1657; żuczek; little beetle
1658; żuk; beetle
1659; żuk gnojarz; dung beetle
1660; życia; lives
